prompt,expert
Discuss the impact of Renaissance art on modern aesthetics,0
Explain the significance of the theory of relativity in modern physics,1
Analyze the themes of existentialism in 20th-century literature,0
Describe the process of photosynthesis and its importance to ecosystems,1
Evaluate the role of classical music in contemporary film scores,0
Outline the steps of the scientific method and their importance in experiments,1
Compare and contrast the philosophies of Socrates and Nietzsche,0
Discuss the ethical implications of artificial intelligence in society,1
Interpret the symbolism in Salvador Dal√≠'s paintings,0
Describe the function and structure of DNA in genetic inheritance,1